video_id,category,title,publishedAt,viewCount,likeCount,commentCount,duration
j1fl4xglUBs,recommendation,8 SUMMER PERFUMES THAT WILL MAKE YOU SMELL LUXURIOUS,2024-08-01T13:41:56Z,512,74,6,PT11M42S
-20OO2Tkz0Q,recommendation,7 Hyped Perfumes That Are Actually Worth The Hype,2024-07-27T11:00:00Z,13075,633,60,PT11M21S
1PcXwt8-zj0,fun,"HOUSE UPDATES | NEW VALENTINO PERFUME, WORKING IN THE GARDEN | Monika Cioch",2024-07-25T11:36:45Z,4446,278,41,PT25M39S
EtUhxgoIuyM,shorts,7 Hyped Perfumes That Are Actually Worth It   #perfumes  #topfragrances,2024-07-23T20:07:47Z,38780,1494,24,PT1M0S
AikGemNjGAI,review,MAN REACTS TO KAYALI PERFUMES,2024-07-22T11:09:48Z,8790,610,54,PT12M59S
9aHU5XG1Wgs,fun,24H IN PARIS | Monika Cioch,2024-07-19T11:00:08Z,5093,338,47,PT28M6S
tw-SIwCkf6U,fun,"Our New Home | settling in, unpacking, making a house feel like a home",2024-07-16T11:00:59Z,6055,357,64,PT23M20S
DfFjRPLJMGg,recommendation,MY 5 FAVOURITE PERFUMES NOW | Monika Cioch,2024-07-13T10:45:00Z,26368,1041,41,PT9M45S
GGHnhXZyCpQ,fun,"WE FINALLY MOVED | garden tour, getting the keys üîë Monika Cioch",2024-07-10T11:00:26Z,7090,571,72,PT13M57S
F0WsfDqT6Kk,fun,Packing My Entire Fragrance Collection üì¶ Moving House | Monika Cioch,2024-07-06T11:00:11Z,6425,368,26,PT13M36S
UIZe2-KLCDk,fun,Closet Clear Out | DECLUTTERING before moving | Monika Cioch,2024-06-25T13:08:16Z,4646,194,26,PT47M51S
wnbgqiWDmko,recommendation,8 MOST FEMININE PERFUMES YOU CAN BUY,2024-06-22T11:00:54Z,13338,662,46,PT12M12S
gq6IGibl6EA,recommendation,10 LUXURY PERFUMES THAT ARE WORTH EVERY PENNYüí∞,2024-06-18T13:54:12Z,15237,776,66,PT15M21S
r6QhScfXPxg,recommendation,ANOTHER 10 PERFUMES I'LL NEVER STOP RECOMMENDING FOR THE REST OF MY LIFE,2024-06-13T11:54:49Z,16640,877,55,PT18M24S
rLdbEFWGwg8,recommendation,25 MOST POPULAR PERFUMES RATED BY MAN üí•,2024-06-09T11:00:46Z,90086,3104,259,PT20M52S
8JEqd1el-t0,recommendation,10 Perfumes That Will Make You Unforgettable To Men | best perfumes,2024-06-06T13:05:35Z,28533,1279,68,PT22M34S
7THSxEaxwn0,recommendation,TOP 10 SUMMER DESIGNER PERFUMES FOR WOMEN,2024-06-01T11:15:00Z,24856,1070,54,PT14M51S
r7aRwrfOJAw,recommendation,TOP 3 PERFUMES FOR EACH SEASON | Top 12 Perfumes For Women,2024-05-27T13:04:08Z,15970,834,58,PT17M14S
jG_H1_4NW4M,recommendation,I OWN HUNDREDS OF FRAGRANCES BUT THESE 15 PERFUMES I'LL NEVER STOP RECOMMENDING,2024-05-19T11:00:36Z,29521,1267,77,PT23M26S
F3ZGNcj4DYc,recommendation,MY 10 FAVE PERFUMES THAT ARE NOT DESIGNER | Monika Cioch,2024-05-15T12:19:50Z,11141,614,37,PT16M52S
QafB1FhPvPU,recommendation,My Husband's 8 Favourite Women's Fragrances Right Now,2024-05-11T11:00:30Z,26243,1108,74,PT12M44S
y0GDhzW3Nzs,recommendation,10 OVERALL BEST WOMEN'S FRAGRANCES TO WEAR IN 2024,2024-05-05T12:30:20Z,67229,2075,115,PT15M42S
Zl4uQrLrtTY,recommendation,TOP 13 SUMMER ‚òÄÔ∏è PERFUMES FOR WOMEN 2024,2024-05-01T12:46:55Z,34617,1171,118,PT18M31S
6tDRDJbSRDc,recommendation,13 SEDUCTIVE & GOURMAND PERFUMES FOR WOMEN,2024-04-27T11:00:05Z,10646,631,37,PT19M7S
Hg9JfTW87Qk,fun,LIFE UPDATE | Monika Cioch,2024-04-23T11:00:13Z,11523,499,73,PT29M11S
cBE5mMoCaR0,recommendation,Top 14 STRONGEST PERFUMES FOR WOMEN,2024-04-20T11:00:33Z,16161,760,59,PT19M2S
V_kXclk1MX4,recommendation,Top Perfumes For Women 30+,2024-04-14T12:28:02Z,12777,585,60,PT16M42S
xYFNL0GrPP4,review,"MAN REACTS TO 16 SEXIEST PERFUMES FOR WOMEN 2024 | Burberry, Givenchy, Lancome, Armani",2024-04-11T12:02:02Z,129446,3739,181,PT17M13S
mUNoUlkyxwA,recommendation,10 PERFUMES FOR WOMEN THAT WILL GET YOU COMPLIMENTS FROM MEN,2024-04-07T11:00:39Z,25301,1138,62,PT15M45S
XiSrzFbW7LA,recommendation,Top 10 SPRING DESIGNER Perfumes For Women üå∏,2024-04-04T12:52:51Z,16050,794,56,PT15M8S
ujpi68cOqr4,recommendation,Top 10 Everyday Long-Lasting Perfumes For Women,2024-03-30T10:00:47Z,25021,990,35,PT15M57S
3Z737oiEqrI,recommendation,9 CROWD PLEASING PERFUMES FOR WOMEN,2024-03-23T14:34:33Z,25832,988,82,PT14M53S
1FIr_dM90PY,shorts,ALL TIME BEST DESIGNER EVERYDAY PERFUMES part 2 #womensfragrances #designerperfumes,2024-03-21T15:28:54Z,18838,832,10,PT1M0S
-FsCCm--_m4,shorts,ALL TIME BEST EVERYDAY DESIGNER PERFUMES part 1 #perfume #womensfragrances,2024-03-20T10:59:02Z,49198,2548,34,PT0M57S
m2jrrQVyh6o,recommendation,My Favourite Perfumes To Wear Now | Monika Cioch,2024-03-16T12:00:49Z,19611,788,61,PT12M12S
0KUUvGrC_rI,recommendation,8 Perfumes You Shouldn't Sleep On | underrated fragrances for women,2024-03-14T12:00:01Z,10403,545,44,PT13M34S
rT5yAVk-KN0,recommendation,9 DESIGNER PERFUMES I CANNOT LIVE WITHOUT | top fragrances for women,2024-03-11T12:48:58Z,35079,1503,70,PT12M45S
9jZbYAWnh8s,review,Gaultier Divine Perfume Review | Is it worth your money?,2024-03-06T10:30:06Z,6828,273,33,PT8M1S
QNCb6JaURfo,review,BURBERRY HER Fragrance Line Comparison,2024-03-02T11:35:54Z,26782,733,63,PT8M15S
KdRBVgB0ywc,recommendation,Top 10 SPRING Fragrances For Women 2024,2024-02-29T11:30:15Z,31476,1307,61,PT15M4S
8oJFFuxv-CA,review,MAN REACTS TO TOP 15 PERFUMES FOR WOMEN 2024,2024-02-24T12:00:08Z,281782,6136,309,PT20M37S
snENW8bSgNI,recommendation,TOP 10 SEXIEST PERFUMES FOR WOMEN 2024,2024-02-17T11:30:31Z,79512,1642,83,PT8M17S
mHwpuM-dZxw,fun,ANXIETY PROGRESS 5 MONTHS IN | what has helped so far,2024-02-12T13:00:42Z,4883,338,62,PT18M1S
3LQLEdfaiDc,recommendation,TOP 1ST DATE PERFUMES FOR WOMEN | don't give 'desperate girl' vibes,2024-02-10T12:00:02Z,15281,839,69,PT17M50S
HoLUX1Op7cQ,recommendation,TOP 10 SIGNATURE PERFUMES FOR WOMEN,2024-02-05T12:37:10Z,24060,962,56,PT15M37S
EP_ojeA-ens,recommendation,10 NICHE FRAGRANCES I CANNOT LIVE WITHOUT | Monika Cioch,2024-02-03T12:00:11Z,24504,5311,161,PT19M52S
TsLUcOWGgQ8,recommendation,Top 12 ROSE üåπ Perfumes For Women,2024-02-01T12:00:23Z,15686,687,83,PT19M55S
6V4dNa69QKM,fun,BUYING DECOR FOR THE NEW HOUSE WENT WRONG | Monika Cioch,2024-01-29T14:30:02Z,3625,190,19,PT33M1S
Z0Igr9vVZzA,recommendation,TOP 10 LONG-LASTING PERFUMES FOR WOMEN,2024-01-26T15:45:01Z,24801,862,28,PT17M44S
HuOhvUg4dPk,fun,"Sushi Date, Beauty Favourites & Being a Homebody | MONIKA CIOCH",2024-01-22T12:00:15Z,3485,247,37,PT22M33S
pzov2fRcCWM,recommendation,9 AMAZING COLD WEATHER PERFUMES FOR WOMEN,2024-01-20T11:00:47Z,9335,643,38,PT15M11S
paKLU6sjpGU,fun,Adult friendships suck | Monika Cioch,2024-01-16T12:59:19Z,10170,524,173,PT25M47S
__yGIoTpHfE,recommendation,My Job Is To Find THE BEST PERFUMES & These 8 You Can't Miss Out On,2024-01-13T10:30:15Z,19330,785,60,PT15M47S
_li5Zb1yIvI,fashion,"BEST AND WORST PURCHASES OF LAST YEAR  | Chanel, Currentbody, Amouage, YSL",2024-01-09T12:00:35Z,7393,336,20,PT26M9S
_UFN6wiIT-0,recommendation,11 PERFUMES THAT EVERY MAN LOVES TO SMELL ON A WOMAN | top fragrances to attract men,2024-01-06T12:00:24Z,45269,1545,97,PT16M59S
XThkNxyE10M,fashion,"My Jewellery Collection 2024 | Cartier, Mejuri, Vintage, Jane Koening | Monika Cioch",2024-01-04T12:28:25Z,16424,456,31,PT27M11S
EhzsmJ4rWBo,review,MAN RANKS ALL DELINA PERFUMES FROM BEST TO WORST,2024-01-01T11:00:09Z,23658,676,42,PT8M2S
MenAQp_gnLI,review,RATING 14 CELEBRITIES SIGNATURE PERFUMES,2023-12-26T11:00:28Z,37375,1413,126,PT19M53S
Ei2-s6kzJN8,recommendation,11 SUPER ADDICTIVE Smelling Perfumes For Women,2023-12-22T10:30:04Z,20779,847,47,PT17M10S
__Qbk0T0jA4,fun,GETTING MY LIFE TOGETHER | Monika Cioch,2023-12-19T13:13:54Z,5020,204,21,PT10M47S
g_lz8pfml6o,recommendation,TOP 10 MOST COMPLIMENTED PERFUMES,2023-12-16T12:00:35Z,79357,1990,132,PT17M41S
0S2ddsUvU7Y,fashion,CARTIER LOVE BRACELET REVIEW | Is it worth the money?,2023-12-13T12:30:38Z,19934,258,49,PT15M44S
lp2EtPkAOuM,informative,PRADA PARADOXE EDP vs INTENSE | which one is the one for you?,2023-12-10T12:00:35Z,21711,565,38,PT9M48S
u0Eu9gsAbcs,recommendation,TOP 11 EVERYDAY ALL-YEAR-ROUND Perfumes For Women | these will make you smell gorgeous ü•∞,2023-12-07T15:24:49Z,32396,1174,48,PT20M31S
BqsMWjTsgCs,fun,COME LUXURY SHOPPING WITH ME & my night time routine vlog | Monika Cioch,2023-12-04T14:24:07Z,8204,354,34,PT32M22S
6mg1cELVc2Y,recommendation,Top 10 WINTER PERFUMES FOR WOMEN | DESIGNER EDITION,2023-12-02T12:00:05Z,19213,926,57,PT16M29S
E3hzj9HDvPQ,review,MAN REACTS TO TOP 10 SEXY PERFUMES FOR WOMEN,2023-11-30T16:36:11Z,38732,1102,70,PT16M55S
XgpC53gMSxw,fun,Let's decorate for Christmas Vlog | Monika Cioch,2023-11-27T12:00:27Z,3933,220,32,PT36M39S
iG_hht_Rbiw,recommendation,Top 15 CLASSY PERFUMES For Women | Fragrances That Never Go Out Of Style,2023-11-25T12:00:39Z,23760,876,51,PT18M10S
_CtthS62gsA,recommendation,10 Fragrances For Women You'll NEVER REGRET Buying | Niche & Designer SAFE BET Perfumes,2023-11-22T13:25:26Z,41340,1321,87,PT16M30S
paha0GSG29Y,recommendation,11 ABSOLUTE BEST VANILLA PERFUMES FOR WOMEN,2023-11-18T12:30:35Z,25546,1109,98,PT21M31S
bCFq7KchBbk,fashion,HERMES BIRKIN AFTER ONE YEAR | do I regret buying it... | Monika Cioch,2023-11-16T12:23:11Z,5744,173,31,PT18M53S
G_mDf-LIq_8,fun,CAN'T BELIEVE THIS IS MY LIFE | Monika Cioch,2023-11-13T14:51:59Z,7922,311,22,PT21M41S
XPavF16nSpc,recommendation,Top 10 NICHE WINTER PERFUMES FOR WOMEN 2023/24,2023-11-11T12:00:25Z,14459,748,35,PT19M47S
GjdnVviMIdA,recommendation,10 DESIGNER PERFUMES I CANNOT LIVE WITHOUT | Monika Cioch,2023-11-09T12:00:23Z,23236,1084,68,PT17M46S
9iKxTNJQRSQ,fun,social media is not for me | Monika Cioch,2023-11-06T14:02:35Z,10904,540,103,PT26M3S
jw_aYxQqCRg,informative,Armani Si Eau de Parfum vs Si Intense | Which One Is Better?,2023-11-04T12:00:44Z,18050,390,30,PT9M9S
RVJUGKdyg-c,fun,PERFUMES I'VE BEEN WEARING THIS WEEK + chit chat,2023-11-02T12:27:21Z,6275,349,26,PT14M32S
xxFzu8JhzaY,recommendation,TOP 10 PERFUMES FOR WOMEN EVER ü•∞ | Monika Cioch's husband edition,2023-10-31T12:35:14Z,127416,3444,152,PT15M53S
tZrFFKCjxKw,recommendation,TOP 10 HEAD TURNER PERFUMES FOR WOMEN,2023-10-28T13:03:08Z,22550,829,41,PT18M43S
ZXDEYS2bNgQ,fun,I'M DOING THIS FOR HIM | Monika Cioch,2023-10-25T11:28:46Z,4986,217,31,PT27M11S
5JhR5MqFYBc,recommendation,8 BEST PERFUME PURCHASES OF 2023,2023-10-21T11:30:03Z,19433,739,55,PT16M18S
vbzp4FLDPk4,fun,"Q&A | How Much Do I Spend On Perfumeüí∞, Moving House? | Monika Cioch",2023-10-18T11:59:54Z,8074,461,42,PT18M52S
xnylKtdelWk,review,CREED CARMINA REVIEW | watch before you buy,2023-10-16T13:28:25Z,9405,313,28,PT7M20S
rP4DG69nmMU,recommendation,My 12 All-Time Favourite Niche Perfumes,2023-10-14T11:30:31Z,22028,814,56,PT16M38S
eAVmbZCVo-k,fun,NEW CAR & FINALLY EXPANDING MY PERFUME STORAGE | Monika Cioch,2023-10-11T13:24:41Z,6451,252,32,PT21M39S
3ol01ZFHKt4,recommendation,Dream Minimalistic Perfume Collection | 3 PERFUMES FOR LIFE,2023-10-09T11:30:03Z,27010,984,55,PT12M26S
f7eJaAVKVX8,recommendation,THE MOST POPULAR PERFUMES OF 2023 Rated By Man,2023-10-07T11:00:34Z,68075,1544,95,PT13M22S
1C71F1QPPT8,fun,EVERYTHING HAS CHANGED | Monika Cioch,2023-10-03T14:21:46Z,11578,471,49,PT19M21S
LzIyqSuoZPQ,recommendation,11 PERFUMES MEN GO CRAZY FOR üòç,2023-09-30T11:00:15Z,151670,3137,154,PT17M18S
dRQ0gZw3UYs,recommendation,TOP 10 NICHE FALL PERFUMES For Women 2023,2023-09-25T13:11:32Z,16416,637,68,PT17M22S
aa4yI-Fke8E,fashion,"My Favourite Perfumes and Jewellery Pieces Now | HELAS, Zadig&Voltaire, Xerjoff...",2023-09-23T11:30:01Z,6953,285,18,PT15M2S
4iXOFWz2EHE,fun,"i'm not ok | mental health, norway trip, starting therapy vlog",2023-09-19T12:00:06Z,13120,630,126,PT16M18S
1Ka7SnAOjJM,recommendation,THE BEST DESIGNER PERFUME RELEASES FOR WOMEN 2023 so far,2023-09-17T11:00:02Z,17916,609,35,PT12M41S
YfU_e6S_Oqw,recommendation,My Husband Chooses Only 10 Perfumes From My Collection I'd Have To Keep For The Rest of My Life ü´£üòÖ,2023-09-10T11:00:21Z,106513,2890,136,PT19M24S
Mi1KrZgl52g,fun,FALL/AUTUMN OUTFIT IDEAS | 7 days 7 looks 7 perfumes,2023-09-08T12:00:18Z,4315,229,17,PT9M21S
1Xv7RCS3JaA,recommendation,TOP 10 FALL PERFUMES FOR WOMEN 2O23,2023-09-02T11:52:11Z,35352,1480,67,PT14M54S
FAM3s7tPp2s,recommendation,15 MUST OWN PERFUMES To Build an Amazing Fragrance Collection From Scratch,2023-08-31T11:50:13Z,11261,466,20,PT17M38S
VC7w59w3_mY,informative,The Best Fragrances For Women From Tom Ford | Perfume Buying Guide,2023-08-28T10:48:20Z,21250,518,51,PT14M50S
m5K2O-o0jGQ,recommendation,TOP ALTERNATIVES TO POPULAR WOMEN'S PERFUMES That Will Blow Your Mind (not dupes),2023-08-22T11:00:40Z,12392,503,26,PT16M17S
4PyZ_Dx6sMo,recommendation,12 STRONG PERFUMES FOR WOMEN that are still super wearable | top fragrances for women,2023-08-17T13:47:51Z,19082,968,25,PT15M39S
RBVQAyhuwbE,recommendation,11 PERFUMES for women you can wear ALL YEAR ROUND | Top Fragrances For Women,2023-08-13T11:30:18Z,32729,736,177,PT17M48S
pmVfbXhalx4,recommendation,10 Effortlessly Attractive Smelling Perfumes For Women,2023-08-10T10:40:25Z,23657,785,49,PT17M47S
PoSOY_Hvs2o,fashion,"NEW IN FASHION HAUL | Blumarine, Reformation | Monika Cioch",2023-08-07T15:22:50Z,2457,93,10,PT8M7S
YzCgmCMfFcQ,recommendation,I test fragrances for living and this is my ALL TIME TOP 20 PERFUMES FOR WOMEN,2023-08-05T11:30:56Z,105576,2640,109,PT20M55S
pkl1jKyBFoY,recommendation,MY 5 FAVOURITE PERFUMES | I‚Äôve tested tons of perfumes this month but these were the best,2023-08-01T12:39:46Z,12675,463,35,PT9M0S
pz_kuGA8Aq0,recommendation,10 BARBIE SIGNATURE PERFUMES,2023-07-29T12:00:44Z,6703,366,39,PT10M54S
5Roeyi7fbaI,recommendation,7 POPULAR PERFUMES I'D SKIP & WHAT I'D GET INSTEAD,2023-07-25T13:54:33Z,16908,576,94,PT13M54S
gkT1w_9OyiI,recommendation,TOP 13 WEDDING PERFUMES FOR ALL SEASONS,2023-07-22T11:37:18Z,11828,589,22,PT15M47S
KxwXa1pAK5c,review,"MAN RATES 10 POPULAR DESIGNER HANDBAGS | Dior, Hermes, Gucci, Bottega Veneta, Louis Vuitton...",2023-07-19T11:30:12Z,4445,167,22,PT20M32S
-17PWt4b8I8,recommendation,"TOP STRONGEST PERFUMES FOR WOMEN  | Chopard, Tom Ford, Nishane",2023-07-15T11:45:00Z,11499,436,73,PT15M39S
GctYq9JTLOI,informative,VALENTINO DONNA BORN IN ROMA EDP vs EDP Intense,2023-07-13T11:30:06Z,45651,697,52,PT8M53S
OOAY0cXqNoE,recommendation,MY HUSBAND‚ÄôS 6 FAVOURITE PERFUMES RIGHT NOW,2023-07-09T14:03:03Z,30793,981,33,PT8M41S
qEFxmCcO96U,recommendation,I OWN 700 PERFUMES BUT THESE ARE 13 I‚ÄôVE PUT THE BIGGEST DENT INü´£Most empty bottles in my collection,2023-07-02T10:00:39Z,34988,1038,81,PT15M53S
A4ZWBs4HEMI,fashion,7 Days 7 Looks 7 Perfumes | SUMMER WARDROBE 2023 | Outfit Ideas 2023,2023-06-29T11:00:15Z,4762,224,22,PT8M42S
qEkQ25M3HAw,review,"MAN REACTS TO 20 MEN KILLER PERFUMES FOR WOMEN | Chanel, Dior, Byredo, Versace",2023-06-24T10:10:21Z,545671,12823,542,PT18M43S
UheYdjhkeaA,recommendation,"11 FRESH & LONG-LASTING PERFUMES FOR WOMEN | PDM, YSL, Ex Nihilo, Diptyque, Initio ect...",2023-06-17T12:00:25Z,44557,1138,61,PT16M51S
3k1QtnpZIBw,recommendation,5 DESIGNER PERFUMES EVERY WOMAN NEEDS,2023-06-15T12:00:03Z,10656,461,16,PT8M8S
dZ1-KIovBCk,recommendation,9 NICHE PERFUMES THAT ARE TOTALLY WORTH THE MONEY | best niche perfumes,2023-06-13T11:00:36Z,19096,656,43,PT15M17S
yzKIVsb0_sU,recommendation,10 DESIGNER PERFUMES I'LL REPURCHASE FOREVER,2023-06-08T11:30:19Z,34058,1136,88,PT12M21S
khVS2WEoVTs,recommendation,5 FAVOURITE PERFUME DISCOVERIES THIS YEAR 2023,2023-06-03T10:51:25Z,6952,342,24,PT8M1S
Bh9qLQLeu7k,review,"MAN REACTS TO CREED PERFUMES FOR WOMEN | Aventus For Her, Wind Flowers, Love In White etc.",2023-06-01T12:35:57Z,27291,627,61,PT15M44S
We1FDDgbcLQ,recommendation,10/10 SHOW STOPPING PERFUMES FOR WOMEN | Niche & designer,2023-05-29T12:11:15Z,18638,637,60,PT17M44S
48b7ABT2gwU,fashion,7 Days 7 Looks 7 Perfumes | SPRING/SUMMER WARDROBE 2023 | Outfit Ideas,2023-05-25T12:50:58Z,5903,317,35,PT12M10S
lTtrv8MTc-g,recommendation,TOP 10 MOST FEMININE PERFUMES FOR WOMEN 2023,2023-05-23T11:00:27Z,29583,762,46,PT14M27S
xZfpW8OgfpU,recommendation,TOP 10 SUMMER PERFUMES FOR WOMEN 2023,2023-05-19T11:47:07Z,39588,921,38,PT12M6S
C0BCGSaCk48,fun,VLOG | Royal Windsor Horse Show 2023 With Herm√®s Paris,2023-05-17T11:33:49Z,1171,55,5,PT8M52S
KuUAmgW8XJA,fashion,MY CHANEL BAG COLLECTION... and Perfumes I'd Pair Them With,2023-05-13T11:15:00Z,6937,196,24,PT13M54S
KWdk3jtklWk,recommendation,10 QUIET LUXURY PERFUMES | unique & splurge worthy,2023-05-11T12:00:21Z,18315,629,37,PT16M41S
bawFhgR3epY,fashion,My First Louis Vuitton Bag Unboxing | POCHETTE ACCESSOIRES,2023-05-08T10:50:23Z,34692,360,73,PT9M18S
YmmtOLYJ-Dg,review,"MAN REACTS TO ALL PARFUMS DE MARLY PERFUMES | Delina, Valaya, Oriana etc.",2023-05-05T10:35:34Z,86089,2042,179,PT19M7S
tUnH0QLu9KA,fun,"FAVOURITES: perfume, fashion, beauty",2023-05-01T13:46:13Z,3661,195,19,PT11M32S
OzsJDoxlFGo,recommendation,10 INTOXICATING PERFUMES FOR WOMEN | huge scent trail,2023-04-29T11:30:07Z,30872,846,54,PT18M11S
ezAmkIml144,review,"VERSACE CRYSTAL PERFUMES COMPARED | Crystal Noir, Yellow Diamond, Bright Crystal",2023-04-24T14:58:08Z,32495,529,54,PT11M10S
OZvTHwIpV9o,fun,HOW I AFFORD LUXURY | Monika Cioch,2023-04-20T11:30:10Z,16516,894,98,PT14M54S
Jfbs01mE_iU,recommendation,14 ALL TIME BEST EVERYDAY DESIGNER PERFUMES,2023-04-17T14:36:06Z,71767,1903,76,PT20M28S
MAIhlfv9gIc,recommendation,8 MOST WORN PERFUMES THIS SPRING,2023-04-15T11:30:06Z,10223,421,27,PT12M1S
PP9Z6zo9Qms,fun,"productive day in my life | cleaning, wardrobe switchover, clearing the inbox, walking the dog",2023-04-13T11:30:08Z,2148,100,3,PT21M18S
598_Qhw8Pic,recommendation,MY 10 SIGNATURE PERFUMES,2023-04-10T11:00:04Z,20695,806,36,PT14M36S
7FdkRbltyno,recommendation,Top 10 Sexy Perfumes 2023,2023-04-08T11:30:04Z,70120,1265,52,PT12M57S
6Q7dDNb684M,review,VERSACE CRYSTAL NOIR vs YSL LIBRE - Which One's Better | Men React In Public To Popular Perfumes,2023-04-03T11:14:46Z,46541,669,79,PT10M52S
KlryHr6jPr8,recommendation,"TOP NICHE PERFUMES FOR WOMEN 2023 | Initio, Byredo, BDK, Nishane...",2023-04-01T11:30:10Z,38931,1066,52,PT19M6S
SVyQBFcbHBI,fashion,"SPRING ZARA HAUL | denim skirt trend, swimming, at home manicure | MONIKA CIOCH VLOG",2023-03-30T11:00:21Z,2982,91,4,PT20M40S
djaR7Fp_2c4,review,BURBERRY HER ELIXIR EAU DE PARFUM REVIEW | better than Burberry Her Intense?,2023-03-27T14:22:56Z,28587,563,42,PT6M58S
ZSk2ZNSIuoE,review,MAN REACTS TO 15 SEXIEST PERFUMES FOR WOMEN,2023-03-25T13:00:32Z,577387,9912,205,PT10M2S
ElXS_RUV7Sk,recommendation,TOP 10 DATE FRAGRANCES FOR WOMEN | sexy perfumes 2023,2023-03-23T14:00:14Z,22458,397,11,PT14M15S
Z3z1jHZB9iA,fun,Self-Care Saturday + new in perfumes,2023-03-21T14:04:37Z,2500,118,8,PT9M17S
WZP29dsXPLE,recommendation,TOP 10 FRESH FRAGRANCES FOR WOMEN 2023,2023-03-19T12:16:58Z,19633,625,36,PT12M23S
Ys0mWOlZL98,recommendation,7 PERFUMES YOU NEED,2023-03-16T13:00:21Z,10729,463,30,PT9M45S
1ojGvIG626Q,review,HUSBAND RATES 13 ZARA PERFUMES FOR WOMEN | best Zara perfumes,2023-03-13T16:50:15Z,74855,1632,87,PT16M50S
gbOPGSDUD7I,recommendation,Top 11 VERSATILE EVERYDAY PERFUMES ( That You Won't Be Able To Stop Wearing ),2023-03-11T12:00:25Z,19737,791,26,PT15M13S
W9NOBuMfuFE,fashion,CHANEL BAG UNBOXING | mini bag,2023-03-09T12:30:13Z,8375,168,25,PT6M32S
Ub5S-Rui_QQ,fun,CLEAN & ORGANISE MY ENTIRE PERFUME COLLECTION WITH ME,2023-03-06T14:58:32Z,8646,335,38,PT21M36S
-yDsbw3xlog,recommendation,13 PERFUMES I'D IMMEDIATELY RUN TO REPURCHASE IF MY 600+ COLLECTION GOT STOLEN,2023-03-04T13:00:00Z,23229,749,47,PT19M1S
vsuEv6yqQPQ,fun,"VLOG | NEW BLACK OPIUM LE PARFUM, HOME DECOR UPDATE, MAKING SOURDOUGH BREAD",2023-03-02T13:00:44Z,3153,133,14,PT26M25S
McXPBlLowmc,fun,"VLOG | Hermes Belt Unboxing, New Perfume & Celebrating Doughnut Day üç©",2023-02-27T14:17:35Z,2955,97,25,PT16M25S
bXXpkFEfmF0,recommendation,TOP 10 SUPER LONG LASTING PERFUMES FOR WOMEN,2023-02-25T12:30:16Z,47652,908,45,PT14M30S
GSj0o0G5dPE,fashion,HUSBAND RATES MY NEW SPRING OUTFITS | COS TRY ON HAUL,2023-02-23T13:00:10Z,3437,128,21,PT16M38S
egYjLhWov-Y,fun,"3 NEW PERFUMES, WINE TASTING & PICKING UP OUR NEW CAR  | Monika Cioch",2023-02-20T13:17:24Z,3711,186,19,PT25M10S
r2liQEv49Lo,recommendation,The Only 10 Spring Perfumes You Need,2023-02-18T14:28:23Z,17946,624,47,PT15M31S
8x9pwDHVDSo,fun,WHAT'S IN MY BAG 2023 | Monika Cioch,2023-02-16T13:00:11Z,6712,201,10,PT10M58S
nQVxG7xw9tY,fun,DOING WHAT I FEAR THE MOST + VALENTINE'S DAY DATE | Monika Cioch,2023-02-13T13:13:09Z,2270,101,6,PT10M50S
bhClc0tm2MU,recommendation,14 Perfumes You Have To Know About,2023-02-11T13:00:34Z,9099,409,16,PT16M23S
IazRyS1aSGA,fashion,"Best Designer Bags EVER | Bottega, Hermes, Goyard and more",2023-02-09T13:00:11Z,3619,81,9,PT16M14S
l_N1efVmLN4,recommendation,BEST CLEAN & FLORAL PERFUMES ( perfect for everyday ),2023-02-06T13:00:37Z,20450,581,31,PT13M23S
HzrKVcDOjMk,fun,"Crazy perfume lady, yep that's me",2023-02-06T11:14:28Z,10547,365,19,PT0M5S
larfaS4StpQ,recommendation,TOP 14 DESIGNER PERFUMES | BEST OF ALL TIME,2023-02-04T13:00:34Z,93423,2182,118,PT16M8S
SYKbh3zZoqg,fun,"WEEKLY VLOG Manchester, New Perfume, Luxury Shopping,  ü•ü Trying Dim Sum for the first time",2023-02-02T12:30:26Z,4727,181,16,PT23M38S
BFa1O_RFkJo,fun,LUXURY WISH LIST 2023 | timeless pieces,2023-01-30T12:47:36Z,2389,105,9,PT9M39S
Efnnwf4C6v8,recommendation,I WORE OVER 100 PERFUMES LAST YEAR BUT THESE 8 GAVE ME THE MOST COMPLIMENTS,2023-01-28T13:00:07Z,10650,485,22,PT11M8S
ZErrb5TxLXI,fun,"VLOG | BEST ANTI-AGING ADVICE I'VE BEEN GIVEN,  5 NEW PERFUMES, ANTIQUE SHOPPING | Monika Cioch",2023-01-26T13:14:48Z,7517,254,23,PT23M13S
hpr5dgcstao,recommendation,ALL OF MY SIGNATURE PERFUMES I'VE EVER WORN | 14 PERFUME ERAS,2023-01-23T12:44:51Z,14758,551,61,PT16M59S
CINH4_HXUUE,informative,INITIO PARFUMS Buying Guide | THE BEST PERFUMES TO GET FROM THE LINE,2023-01-20T14:18:57Z,52352,1109,75,PT15M32S
z6lxIxKLmnI,fun,VLOG | MOST WORN/LEAST WORN PERFUMES | PLANS & GOALS FOR 2023 + CHITCHAT | Monika Cioch,2023-01-18T15:52:11Z,7545,289,45,PT33M40S
2iMFXIGfTrk,recommendation,10 PRETTY FLORAL PERFUMES I can wholeheartedly recommend from my 600+ perfume collection,2023-01-15T12:30:02Z,6938,305,16,PT12M26S
G_ByeDUa01k,recommendation,11 PERFUMES THAT WILL MAKE YOU FEEL HAPPY (even if you're stuck at a job you hate ‚ò∫Ô∏è),2023-01-12T13:00:10Z,11277,477,28,PT13M53S
fGUuioKfx9M,recommendation,MY 10 MOST WORN PERFUMES THIS WINTER (so far),2023-01-07T12:45:00Z,10904,365,20,PT12M1S
subGTXI--FM,recommendation,I Have Expensive Taste But These 9 Affordable Perfumes Actually Smell So Luxurious,2023-01-03T14:02:03Z,36298,858,35,PT11M16S
Rv-8nxApOfc,recommendation,THE ULTIMATE PERFUME LIST | 10 OVERALL BEST PERFUMES FOR WOMEN,2022-12-30T14:05:41Z,35879,830,35,PT14M0S
fIEjDNsX9ks,recommendation,10 PERFUMES I'D REPURCHASE IN A HEARTBEAT IF I EVER RUN OUT,2022-12-27T16:03:37Z,16318,514,23,PT14M5S
x4CsA1TYAUE,review,MY HUSBAND RATES 10 BEST SELLING PERFUMES OF 2022,2022-12-20T13:00:52Z,80827,1895,152,PT13M50S
svqmbvEsLRk,fashion,"MY MINIMALISTIC LUXURY HANDBAG COLLECTION | Chanel, Hermes, Longchamp",2022-12-18T13:00:24Z,14862,414,27,PT11M34S
xCvt1VNToCA,recommendation,7 OUTRAGEOUSLY GOOD PERFUMES I have to share with you from my 600+ collection,2022-12-16T12:31:13Z,9241,344,21,PT11M1S
yR3FbZI4-cQ,recommendation,MY TOP 5 PERFUME DISCOVERIES OF 2022,2022-12-14T12:59:27Z,10061,378,10,PT7M9S
hxwYlXFzGJQ,fun,HERMES HAUL | PERFUME + DOG ACCESSORIES & SHOES,2022-12-13T12:30:15Z,1467,60,2,PT6M29S
43KvoY0qU2E,recommendation,I'm A Perfume Addict & THERE ARE 10 PERFUMES YOU NEED TO HEAR ABOUT,2022-12-11T12:30:02Z,18391,527,47,PT15M10S
BL-F6EHnDws,fashion,UNBOXING MY FIRST HERMES BIRKIN + STORYTIME,2022-12-09T13:03:38Z,17055,444,65,PT15M28S
fmzM0-1cbnE,recommendation,TOP 8 NICHE WINTER PERFUMES that won't smell like everyone else's perfume,2022-12-07T15:17:51Z,11332,450,18,PT13M2S
oSVZO-LmSzM,fashion,GETTING MY FIRST BIRKIN VLOG üçä | come to the Herm√®s store with me,2022-12-05T13:28:19Z,13432,239,39,PT11M56S
p0De58adB5I,recommendation,14 SHOW-STOPPING PERFUMES FOR VARIOUS BUDGETS | you'll smell amazing,2022-12-03T13:15:30Z,28798,799,41,PT17M32S
UcUUAZn4Xq0,fun,"DECORATE CHRISTMAS TREE WITH ME & HUGE FASHION HAUL FROM BLACK FRIDAY SALES | MAGDA BUTRYM, TOTEME",2022-12-01T14:07:44Z,2381,110,25,PT27M50S
P3LwShkkntE,recommendation,9 PARTY SEASON PERFUME STAPLES that will give a stunning finishing touch to your look,2022-11-28T13:27:44Z,6751,297,20,PT15M26S
g3eOqbzavFE,recommendation,11 FIRST DATE PERFUMES THAT DON'T FEEL TRY-HARD,2022-11-26T12:51:02Z,13850,487,35,PT14M3S
Uck-YQHLAC8,fun,"LUXURY CANDLES, ARE THEY WORTH THE HYPE? Candle Guide",2022-11-24T13:37:53Z,18292,491,53,PT23M54S
M_xgcEkGa5w,fashion,"CHANEL CLASSIC FLAP REVIEW AFTER 1 YEAR | wear & tear, how to store, regrets",2022-11-22T13:03:39Z,16797,220,22,PT17M51S
dp_VfVfJMII,recommendation,I'M A PERFUME COLLECTOR AND THESE ARE THE 13 FRAGRANCES I'LL BE WEARING THIS WINTER,2022-11-18T13:38:25Z,18957,568,25,PT20M47S
Jd_8Zxo2ilM,recommendation,The Only 6 Perfumes Every Woman Needs In Her Collection ( these will cover you for every situation ),2022-11-16T13:00:12Z,110403,1877,69,PT8M30S
Bnpq-bgyV0I,recommendation,Perfumes I Smelled Once & Had To Get Them Straightaway | love at first sample,2022-11-12T12:00:07Z,30333,768,53,PT15M5S
YAx5tkZz6bI,fun,FEW DAYS IN FLORENCE and NEW FALL WARDROBE HAUL,2022-11-09T12:03:33Z,2305,109,11,PT22M46S
_XQUADkOHO0,fashion,"MY EVERYDAY JEWELLERY COLLECTION | Cartier, Mejuri, Vintage",2022-11-04T11:30:10Z,21004,317,20,PT17M11S
Z97qSEWp4uo,recommendation,6 NEW ADDITIONS TO MY 600+ PERFUME COLLECTION ( these are the 6 that blew me away ),2022-11-01T12:49:22Z,5439,198,6,PT10M33S
bFbBXESVbUo,recommendation,I HAVE OVER 600 PERFUMES BUT THESE ARE THE 12 I ACTUALLY WEAR,2022-10-29T14:52:38Z,113151,2667,169,PT13M41S
hGCyYyMJKyk,informative,LE LABO FRAGRANCE LINE | Buying Guide,2022-10-27T12:50:28Z,58727,847,56,PT10M46S
EYBGLNZWzA4,recommendation,THE ONLY 6 PERFUMES YOU NEED THIS FALL,2022-10-24T13:23:21Z,6440,264,8,PT8M47S
IULUtIUcYn8,fun,VLOG: FRENCH RIVIERA TRIP + SHOPPING + MOST AMAZING TRUFFLE PASTA + NEW PERFUME LAUNCHES,2022-10-22T13:49:22Z,1748,80,17,PT15M21S
KnoPzTqLn64,recommendation,I'm Shocked That These Perfumes Smell So Good  | I fell in love with these,2022-10-16T11:00:12Z,7628,242,11,PT11M57S
c1niV8P-twM,recommendation,My Husband's 5 Favourite Perfumes ATM + 3 Best Beauty Products Ever,2022-10-15T12:00:19Z,13169,393,30,PT10M51S
UnDROM6n-UA,recommendation,6 Perfumes I'll Never Stop Recommending (they are just that good),2022-10-01T11:00:17Z,11491,377,14,PT9M4S
bjpoEDRPhcM,recommendation,TOP 7 UNIQUE EVERYDAY PERFUMES FOR WOMEN that you'll never get tired of,2022-09-28T13:00:03Z,16749,472,24,PT12M12S
TstHB8D1_f4,recommendation,9 Incredibly Comforting & Relaxing Perfumes That Will Make You Feel Zen,2022-09-24T12:16:27Z,8963,336,13,PT11M59S
xkycx0v_jE0,recommendation,"THESE 8 PERFUMES LAYER LIKE A DREAM, I have to tell you about these üôå",2022-09-20T14:44:49Z,4799,198,19,PT8M1S
6N0MAH7QLt4,recommendation,8 Gorgeous Perfumes That Will Make You STAND OUT,2022-09-11T11:30:04Z,7751,313,16,PT8M34S
xW0H89-JLP8,review,PRADA PARADOXE Perfume Review,2022-09-09T13:09:11Z,29844,490,50,PT3M38S
A4LecCzYEQ4,fashion,CHYPRE SANDALS HERMES REVIEW (After 6 Months),2022-09-04T10:00:09Z,2002,38,3,PT9M37S
_djazZ_8QuU,review,SANTAL 33 Le Labo | Review,2022-09-01T14:05:48Z,51219,576,72,PT6M53S
WOQNfqBsBO4,recommendation,7 PERFUMES THAT WILL *NEVER* GO OUT OF STYLE ( investment pieces),2022-08-27T11:30:16Z,5158,183,13,PT10M8S
_r6WL8WHwhU,recommendation,7 MUST HAVE FALL NICHE PERFUMES,2022-08-20T11:45:03Z,7456,302,12,PT9M55S
zMP8XYb9Mzk,recommendation,THE ONLY 5 PERFUMES YOU NEED,2022-08-13T11:15:03Z,13252,437,21,PT8M1S
zSqLksr_nKA,recommendation,"8 Perfumes That Make Me Excited For FALL | Warm, cozy perfumes",2022-08-08T11:00:38Z,6712,304,17,PT13M12S
pHzlMXLDvWQ,informative,YSL LIBRE EDT vs EDP vs INTENSE | WATCH BEFORE YOU BUY,2022-08-06T11:00:26Z,64954,923,69,PT8M1S
OOvHMgRZQA0,recommendation,THE BEST 14 ZARA PERFUMES full stop,2022-08-01T17:08:53Z,58714,1079,53,PT18M36S
SeecDy3MjpQ,recommendation,8 Most ICONIC PERFUMES Of All Time & their stories,2022-07-29T12:55:37Z,5229,228,28,PT13M23S
FjZYsNHmQZ0,recommendation,7 Criminally Underrated Perfumes That are 5 ‚≠ê,2022-07-23T11:32:11Z,4232,198,17,PT9M54S
IYktvxxBaMo,recommendation,6 MOST UNIQUE Summer üåû Perfumes,2022-07-16T13:40:27Z,5911,209,15,PT10M49S
8PXhVHuhrBI,recommendation,Top 10 MOST COMPLIMENTED PERFUMES According To TIKTOK,2022-07-12T12:47:56Z,20791,534,27,PT8M53S
ceZxP_Ae8H8,recommendation,BYREDO Fragrances That Are Worth Your Money *Ranked By Me,2022-07-05T14:44:11Z,52396,885,70,PT12M15S
paNioCLG-Dc,recommendation,7 PERFUMES that MEN GO CRAZY FOR,2022-07-03T12:00:24Z,119867,2180,100,PT8M1S
0dKXgRk9lPE,informative,BDK Gris Charnel Extrait De Parfum VS Eau De Parfum | Watch Before You Buy,2022-07-01T11:40:30Z,30577,686,48,PT9M30S
Xhcj8zMMhpg,review,man reacts to 20 MEN KILLER PERFUMES in 2 minutes!,2022-06-28T12:50:08Z,219506,4232,115,PT2M24S
3-KxmPfr-zQ,recommendation,MOST WORN PERFUMES this year so far (these are the best),2022-06-22T10:48:41Z,3949,186,8,PT12M54S
-hO-3vpH6bc,informative,ESCENTRIC MOLECULES Fragrance Line | BUYING GUIDE,2022-06-20T12:30:26Z,37596,1016,38,PT10M53S
wdwqESYcFLY,review,Versace Dylan Blue For Her Review | Is it worth it in 2022?,2022-06-17T14:19:28Z,21939,316,22,PT7M39S
b73qGHE9yFc,review,SOLEIL BLANC EAU DE PARFUM Tom Ford | is it worth the hype?,2022-06-14T12:32:54Z,40704,550,56,PT8M36S
bDz8q45FDaw,fun,STORYTIME | How And Why I Ended Up With 2 Chanel White Classic Flap Bags,2022-06-04T12:00:19Z,8890,87,17,PT13M38S
a6ONB2YUTg0,recommendation,The Best Dior Fragrances For Women,2022-06-02T12:49:33Z,29818,504,31,PT12M45S
9UEU2yb76lY,review,"My Husband BLIND GUESSES PERFUME Prices | ARMANI, ZARA, ZADIG & VOLTAIRE",2022-05-30T13:23:10Z,7692,277,25,PT13M28S
3cK61aHr3fo,recommendation,7 Things I Wish I Bought Much Sooner *buy them now,2022-05-28T11:15:00Z,3573,157,23,PT13M41S
6vVVPYh_b_Y,recommendation,CONFIDENCE Boosting PERFUMES For Women *project confidence with these,2022-05-25T13:29:19Z,4320,199,24,PT12M28S
bIVu3-M8wKE,informative,BDK Parfums | Fragrance Buing Guide,2022-05-19T11:30:13Z,37810,982,68,PT19M8S
aqiIiatn5mA,recommendation,8 Fragrances I'll Be Wearing This Week | FRAGRANCE DIARIES,2022-05-16T13:30:02Z,1966,124,10,PT11M53S
Fg_pPQ5YHmo,review,Oud Satin Mood Eau De Parfum vs Extrait  MFK fragrance review,2022-05-14T11:30:06Z,50130,766,121,PT10M57S
3mKRgXva6Ts,fun,"VLOG | go to an event with me, fragrance haul, shopping for a new Balenciaga bag",2022-05-12T12:30:00Z,1739,85,15,PT17M15S
ZAyvwpg-6ig,recommendation,7 Perfect EVERYDAY Fragrances For Women | super versatile,2022-05-09T11:30:07Z,6093,230,16,PT11M51S
zDY71UFrItA,recommendation,6 Fragrances Social Media Made Me Buy | ANY REGRETS?,2022-05-07T11:00:29Z,2499,149,22,PT6M17S
MHG2kqXbPtI,review,MON GUERLAIN Eau De Parfum Review,2022-05-05T13:12:46Z,12873,270,13,PT8M3S
gidZRJFlxjU,fashion,Hermes Unboxing üçä| new shoes,2022-05-03T13:19:03Z,1922,47,9,PT9M8S
F_Vad2NyXr4,review,"My HUSBAND Rates My Favourite Perfumes | Creed, MFK, Mugler, Atelier Materi",2022-05-01T11:15:01Z,6010,263,20,PT16M47S
hFzeIr3Y_2Q,fashion,CHANEL UNBOXING | can't believe I found it!,2022-04-29T13:06:51Z,2748,69,18,PT6M20S
ynXecQ533Co,recommendation,11 FRESH & CLEAN Perfumes For Women,2022-04-27T12:15:05Z,5265,205,13,PT14M38S
3_48WIRKRxE,fashion,DO I REGRET GETTING A CHANEL LAMBSKIN CLASSIC FLAP BAG?,2022-04-25T13:14:22Z,27309,294,36,PT9M23S
-aheAExGfC0,recommendation,my 9 MOST COMPLIMENTED Perfumes of ALL TIME,2022-04-23T10:45:00Z,18144,480,19,PT18M48S
_fR_sUck5Yw,recommendation,8 SMELL RICH & UNBOTHERED Perfumes For Women,2022-04-21T11:23:47Z,10900,329,13,PT16M41S
ytUmHJbp3DU,recommendation,KEEP ONLY 5 PERFUMES FOR LIFE,2022-04-19T12:17:15Z,8659,277,26,PT10M11S
RRdXkmCiDDo,recommendation,6 Affordable SIGNATURE WORTHY Perfumes,2022-04-16T12:45:01Z,3212,156,22,PT9M38S
YfhXFLnX2-s,recommendation,8 Fragrances For Men That I Wear Myself Anyway | THESE ARE SOOO GOOD,2022-04-14T14:10:26Z,1632,95,13,PT12M35S
5GSOUR19Ggk,recommendation,Top Spring Fragrances For Women 2022,2022-04-11T16:22:30Z,5714,241,11,PT15M9S
idqKr152NFc,recommendation,Celebrity Perfumes That Are Actually Good!,2022-04-09T13:07:53Z,2894,121,14,PT9M2S
BAFzIx7oOME,recommendation,My Cute Miniature Fragrance Collection | Niche and Designer,2022-04-02T12:30:04Z,7047,171,9,PT14M31S
wWl12iZU9F0,recommendation,other than DELINA | BEST OF Parfums de Marly fragrances,2022-03-31T14:53:03Z,5219,160,13,PT9M9S
LyPG_9cGtic,recommendation,worth the hype? GYPSY WATER BYREDO + alternative fragrances,2022-03-29T13:29:38Z,46500,560,79,PT9M10S
yXG1CRXSqgc,recommendation,9 absolutely STUNNING PERFUMES | pretty florals,2022-03-27T12:00:22Z,8529,314,25,PT16M40S
y_woaAocH6g,review,YSL Black Opium Illicit Green Review,2022-03-24T12:30:17Z,5942,140,9,PT4M41S
ZkksrgLFl-Q,review,"MY HUSBAND RATES SEXIEST WOMEN'S PERFUMES | hypnotic poison, la vie est belle, mon Guerlain",2022-03-22T12:20:28Z,15052,346,24,PT14M12S
FjC58eF8i4Q,fashion,HERM√àS CHYPRE SANDALS unboxing & sizing tips üçä,2022-03-17T14:37:58Z,9708,81,9,PT7M10S
nRIPVfcYiFU,informative,REPLICA Maison Margiela Fragrance Line | BUYING GUIDE,2022-03-15T15:00:21Z,119948,2226,112,PT15M23S
w9xfiUtQdo4,fun,Declutter My Fragrance Collection With Me | getting rid of 40+ fragrances,2022-03-12T12:30:30Z,6650,238,17,PT19M42S
nTslPG4WV3c,recommendation,Don't Buy These Popular Fragrances For Women ‚ùå Buy Those Instead,2022-03-08T15:47:50Z,3796,180,14,PT11M0S
dEYW5GRv-ns,recommendation,Top 10 Niche Fragrances For Women,2022-03-05T13:04:25Z,37980,877,41,PT13M18S
qsLy1ZU-rvg,informative,9 BEST CHANEL PERFUMES OF ALL TIME | buying guide,2022-03-01T14:34:21Z,81738,1804,90,PT15M38S
DAY36nv6pjU,fashion,"FASHION SPRING HAUL from NET-A-PORTER | Toteme, Manolo Blahnik",2022-02-26T13:06:57Z,4500,93,11,PT12M8S
q2-fDbcRhtk,recommendation,"February BEAUTY Favourites | Gisou, Byredo, Armani",2022-02-24T13:46:56Z,1396,82,8,PT10M59S
huqPvue1_Ro,recommendation,9 MUST HAVE NICHE PERFUMES For Spring/Summer,2022-02-23T12:46:38Z,19037,465,48,PT11M53S
A-X96OfP-M0,review,I NEED TO STOP... MASSIVE LUXURY FRAGRANCE HAUL,2022-02-18T13:27:33Z,3733,155,18,PT22M21S
Vq1WzTy_n9k,recommendation,10/10 Perfumes For Women | best perfumes in my collection,2022-02-15T15:00:31Z,8289,286,22,PT13M48S
T9ENySlRCZ0,recommendation,My Luxury Wish List 2022,2022-02-13T12:00:11Z,1577,74,16,PT10M37S
_5Je_F2Qg3M,recommendation,Top 10 VALENTINE'S DAY Perfumes | smell delicious and unique,2022-02-10T12:26:08Z,10982,281,24,PT12M13S
PBkGNsGlx44,recommendation,"Keep ONLY 1 Fragrance For Life From EACH DESIGNER House | CHANEL, ARMANI, GUERLAIN, DIOR",2022-02-07T12:38:27Z,2686,147,16,PT7M15S
GxOFzaQASdM,fun,What's In My Bag 2022 | everyday essentials,2022-02-05T12:30:10Z,12120,252,10,PT9M10S
oWT_p2H47FI,review,"FIRST FRAGRANCE HAUL 2022 | NISHANE, MEMOIZE LONDON, PERRIS MONTECARLO samples",2022-02-03T13:15:00Z,6073,144,23,PT13M34S
AMTbQFUvUjc,recommendation,6 Fragrances I'm Obsessed With ATM | I am wearing these all the time,2022-02-01T16:45:00Z,2337,107,10,PT10M37S
hqe3Jd8kL0o,fashion,"How To Get A Chanel Classic Flap in 2022 | tricks and tips, new quota bag system",2022-01-29T11:00:34Z,25901,290,51,PT13M22S
vNC3Jey9OO4,fashion,5 absolute BEST MUGLER Perfumes...other than ALIEN,2022-01-27T18:05:03Z,5520,133,19,PT8M45S
LpNvkbv1Wu4,fashion,10 Sexiest Perfumes For Women | fragrances that make me feel confident & sexy,2022-01-22T14:00:17Z,6834,241,15,PT14M18S
e1W9G47HcRk,fashion,BEST MAKEUP PRODUCTS | Minimalist Basics,2022-01-17T14:55:21Z,1749,99,16,PT20M10S
OjMyfzXfTAs,recommendation,my luxury perfume WISHLIST 2022,2022-01-10T14:01:59Z,1665,88,20,PT13M28S
WSwI226jVKM,review,Gucci Bloom Perfume Review,2022-01-06T15:43:25Z,15865,208,18,PT6M50S
6Uh5UhPoBmY,review,VERSACE CRYSTAL NOIR perfume review,2021-12-21T16:11:25Z,57757,768,67,PT6M15S
EEQ1pNdRDMs,fashion,my first Chanel bag | UNBOXING & SHOPPING IN HARRODS,2021-12-18T14:03:44Z,18822,311,30,PT16M53S
SMVEgtMgc7o,recommendation,Top SEXIEST popular perfumes rated by A MAN | are these any good?,2021-12-17T19:04:35Z,32944,802,41,PT15M41S
xkFFknqnxsw,recommendation,Best And Worst Purchases Of 2021,2021-12-15T12:30:24Z,889,45,6,PT14M57S
kRwC3NCtiPQ,review,Chanel Coco Noir Eau De Parfum Review,2021-12-10T12:30:09Z,2871,111,9,PT10M22S
odQPkRDbWAI,recommendation,6 Man Killer Perfumes,2021-12-09T12:15:04Z,4897,191,13,PT14M18S
pg6DNsZ6lAM,recommendation,fragrances I packed on a 3 day trip.... *obsessed with these*,2021-12-08T12:00:26Z,958,49,8,PT5M35S
2tZJBuLxS50,fun,MY APARTMENT TOUR HELSINKI Finland,2021-11-30T18:48:09Z,14900,333,38,PT11M13S
PD2vgOX5Il0,recommendation,perfumes to keep you cozy this winter,2021-11-26T17:15:54Z,1755,93,10,PT15M47S
HzexE5Aof9U,recommendation,BEST DUPES FOR BACCARAT ROUGE 540 FRAGRANCE | similar perfumes you might love,2021-11-15T16:00:05Z,7094,137,17,PT16M0S
DUtl71oT0MI,review,Chanel Coco Mademoiselle Eau De Parfum Intense Review,2021-11-12T15:30:01Z,84096,5553,91,PT5M26S
bvc58-XM0-o,fun,'Panth√®re de Cartier' Watch Review | pros & cons | new vs secondhand,2021-11-10T15:49:42Z,79762,868,69,PT16M39S
OUtLyQ2DH_A,recommendation,Top 5 LONG-LASTING üçÇ  Fall Perfumes For Women,2021-11-08T16:00:41Z,2474,122,13,PT11M5S
506CJwgJ02c,recommendation,5 SEXY PERFUMES for women **RATED BY MEN**,2021-11-04T18:52:56Z,108382,1751,95,PT11M30S
m0T9MWQrit4,review,ORIANA Parfum De Marly Review **watch before you buy**,2021-10-29T14:15:05Z,7580,197,15,PT6M22S
_P-gDQ5xAQI,recommendation,ONLY 3 FRAGRANCES FOR LIFE,2021-10-28T15:33:14Z,2301,99,8,PT5M15S
uGspA5HkK3M,review,"BIG FRAGRANCE HAUL üõç Dior, Initio, Guerlain, YSL",2021-10-22T16:51:13Z,1237,89,6,PT9M54S
7RWDRRjTsYU,fun,"COSY AUTUMN DAY IN THE LIFE üçÅ | pumpkin picking, decorating the house for fall",2021-10-19T15:45:01Z,1030,48,12,PT11M59S
lWj9WoUFu9A,recommendation,TOP 10 Fragrances For Women,2021-10-14T13:25:21Z,2091,132,12,PT17M7S
4z67y3EY92M,fun,that was a complete fail...,2021-10-12T14:43:49Z,925,52,11,PT12M39S
IwgGU5NWDUc,fun,12 TRAVEL ‚úàÔ∏è Fragrances We Took To Norway | FOR MEN AND WOMEN,2021-10-08T15:07:40Z,3177,123,13,PT11M19S
6BdWcCzyDS8,fun,DAILY VLOG üá≥üá¥ shopping Scandinavian fashion // car accident // future plans,2021-09-24T15:51:27Z,3416,105,17,PT16M13S
21yQxyTCH2k,recommendation,TOP 7 TOOTHACHE INDUCING Seductive Perfumes,2021-03-02T17:16:01Z,2807,109,13,PT12M13S
YHAZB6MUjSs,recommendation,6 NEW Roja Parfums ESSENCE DE PARFUM Fragrances For Women,2021-02-23T18:13:38Z,11193,301,37,PT15M14S
5nFZhOXHgdY,recommendation,other than Baccarat Rouge 540 | BEST OF Maison Francis Kurkdjian fragrances,2021-02-17T19:15:01Z,40355,632,59,PT8M33S
68mozG-N6Dg,shorts,5 sexy perfumes for women #shorts,2021-02-17T12:52:21Z,84071,1771,20,PT11S0M
aNSeGSSviy8,recommendation,TOP 6 AFFORDABLE PERFUMES that don't break the üí∏üí∞ | smell delicious on a budget,2021-02-15T20:16:15Z,5443,209,29,PT8M28S
_WYnrR74gGQ,recommendation,Sassy & Savage | 10 VALENTINE'S DAY FRAGRANCES FOR WOMEN,2021-02-12T21:49:26Z,3170,209,48,PT14M32S
hDIdWNPaXyE,review,üåπNEW Delina La Ros√©e vs Delina Parfums de Marly | First Impressions,2021-02-11T16:00:11Z,6925,152,15,PT7M9S
Vul4OCOK7-k,recommendation,Top 10 Designer Perfumes For Women | unique fragrances,2021-02-09T17:15:00Z,4196,161,22,PT14M40S
q5h7ZPBuLo4,fashion,Are Gucci Trainers WORTH IT? | review after 4 years,2021-02-02T17:15:03Z,1262,33,8,PT10M12S
N4RL0A5znnw,recommendation,My Full PERFUME COLLECTION | Part 2 | unique fragrances,2021-01-30T14:46:46Z,2515,116,28,PT11M48S
R7w9ZxZeKqE,recommendation,My Full PERFUME COLLECTION | Part 1 | luxury & designer fragrances,2021-01-26T17:15:00Z,4344,195,36,PT12M39S
nokJqRnq4U0,informative,How To Start A Perfume Collection in 2021| From Scratch,2021-01-19T17:15:01Z,7016,209,20,PT8M10S
6lz0JqY3_70,informative,How To Apply Perfume | make your fragrance last long,2021-01-14T17:15:01Z,2169,96,12,PT5M59S
zYdXuvLGjXk,recommendation,9 Best Intoxicating Perfumes,2021-01-12T17:15:02Z,6295,211,17,PT13M3S
9quErt2CR0w,recommendation,My nr1 Perfume ATM,2021-01-05T17:00:04Z,1310,57,9,PT4M40S
Texx5FOrqMM,recommendation,TOP 5 NON-BASIC Perfumes | you can wear all day long,2020-12-29T17:15:04Z,2441,105,16,PT9M3S
t9OF1xy5GLA,recommendation,What I'm Wearing For Christmas This Unusual Year,2020-12-24T14:25:38Z,755,51,15,PT1M17S
50wGYAauog4,recommendation,"10/10 Everyday Perfumes | work, school perfumes",2020-12-22T17:15:01Z,23848,549,30,PT15M33S
s77d_kujrjc,recommendation,TOP Men Killer Perfumes For Women | men love these fragrances,2020-12-15T17:15:02Z,19320,441,30,PT11M42S
Yj6ci-mp6g8,recommendation,Top 10 LUXURY perfumes for her | unique and sexy,2020-12-08T17:00:29Z,4829,145,17,PT12M33S
2iEYcD_Do6I,recommendation,Popular Perfumes I HATE.... and why,2020-12-01T18:00:02Z,7614,268,66,PT10M52S
1osJbCOiX4A,recommendation,5 Celebrity Perfumes That Actually Smell Good,2020-11-24T17:00:01Z,3840,153,20,PT9M4S
RQvYkh1bTFQ,recommendation,6 Most Complimented Perfumes 2020,2020-11-16T18:30:01Z,13863,374,33,PT11M23S
PHDjbMOumL0,fun,Sort Out My Fragrance Collection With Me | VLOG,2020-10-28T17:45:02Z,1987,74,8,PT9M14S